size,bedrooms,age,bathrooms,price
1545.60235830991,4,34,2,396.2214697166413
2045.6413666360552,4,22,1,500.4479198996566
526.5148454887268,3,41,2,175.55244593173066
806.8252338815304,1,31,2,101.51201620715963
351.75421289891824,1,39,2,5.378330051749877
2704.9171516707706,1,16,3,562.0590279120288
2363.9180842899596,5,30,1,418.22540333209577
2602.278142278067,2,37,3,427.75149671373384
1897.4138196742006,5,14,1,382.66676434073537
1988.2105482004702,1,3,3,470.80278693939704
908.2864263334925,2,26,2,264.8392618904587
2458.1818052677395,3,33,3,517.6361614067234
938.3365997244307,4,41,1,216.08283698498985
1167.9822652079474,1,11,1,230.29320499916867
1310.8207148157205,2,27,3,304.48505125359645
1104.1923642518318,2,18,2,293.17121457951424
1929.7740545901866,1,21,2,378.31394102527486
1384.6055022572075,4,21,2,352.87434644968357
1467.169485947604,3,45,1,336.80235864086177
1395.681882633922,1,44,1,211.77847966397985
2173.4342850570247,3,18,3,427.2079017525191
1196.5236013214383,2,36,2,223.2635430424957
1412.8758931776838,1,32,1,247.73509116411876
1712.0257105158614,5,3,2,389.7724655635448
677.004947588119,1,11,3,214.12068864882545
1258.229525017355,1,31,1,300.7309326684443
1767.7341250078812,1,30,2,321.1083398831844
2083.0702431868585,3,21,3,431.155795175357
1580.84155437254,2,8,1,387.56917571604674
1163.5830364632254,2,21,3,343.0621884599313
2221.262065841702,3,12,2,575.5881675692699
1389.2596945340879,1,30,2,157.20421748769564
1515.6321568430733,5,23,2,338.76563718812116
1590.964794015052,1,45,2,245.25585427951853
1468.5356350671022,3,38,2,233.11176018204245
1229.2157700065363,1,40,1,242.15982461960505
1737.2592089424757,5,16,1,413.2882200051684
917.7044139382614,5,16,2,280.36149795387166
1249.5453047142864,5,12,2,315.5352313759505
1295.7195204462519,3,7,1,221.7617038184655
1032.8258214152697,3,27,3,228.78614336798591
1542.2550770082237,4,42,1,360.5985795100131
1571.8455090039738,4,7,2,296.01386458996893
1537.7747206678293,2,21,3,366.4165689464898
1422.177451791739,3,39,3,220.81408072947715
1775.4250281531629,3,46,1,364.0295165286002
2351.0149778353725,4,9,3,439.25422950788095
2003.0468512722855,3,14,3,425.0195007211064
-67.4598838103168,1,36,2,-0.20600818282097677
2069.766750146944,4,28,3,491.65604568874613
565.1003206989832,3,40,2,74.45334488603515
610.4434819281157,3,28,1,152.31337546199978
1563.881448646252,3,41,1,280.03718759048377
824.4911200986402,3,13,2,176.03602147735833
2276.9835994639525,4,20,1,421.933548046798
1848.482875713793,1,2,2,457.065136781176
1094.2694237148153,3,26,3,305.57664383181736
678.3745355604226,1,32,3,129.73200014188052
1665.3294341189662,1,31,2,317.84826225144553
2112.478133828381,5,25,3,449.1609513162689
1548.0857843114993,1,4,1,313.2366689588977
2438.407710140324,5,41,1,471.688859081967
1766.8902922058699,3,9,1,347.91350927504675
1899.1800205090328,5,22,1,408.16328075744883
1346.962750143024,1,42,3,227.22343113449216
1688.986943645761,4,47,2,384.50377600087324
1386.760976679224,2,30,1,283.8617127359572
557.1277286684668,3,24,3,128.60264348320194
2736.255487334354,3,30,1,489.87809381729835
1426.5717064112766,4,7,3,411.5727048936224
1557.8245988496594,1,40,2,251.18588176716335
2165.215311150714,5,36,2,441.6820009273776
1554.7973561767662,5,46,3,296.8037862431131
1607.7395359784439,1,20,2,312.0087241357807
1714.5350438751998,2,36,3,364.4787454885444
924.3671920482668,1,19,1,158.1858943382849
2262.376738368369,1,47,2,418.6458822305132
1680.2679242526779,2,26,1,358.7813457144383
1194.5534887578233,4,10,3,329.4300095071551
1965.1230167004255,1,8,1,429.8162338516611
1678.2565076210878,1,33,3,319.1376636175035
1023.9197023521965,4,23,2,269.51691164436113
1575.9638931274487,1,13,2,454.3305500676058
1500.317442985661,4,9,2,415.06073068379396
1667.5116138194278,3,11,1,331.56295439306297
1687.3996939716335,2,38,1,299.93064137234876
1856.9080788455447,1,27,1,328.6269244498352
899.593260290656,2,18,1,180.4332081137432
1500.6905805777749,3,47,1,346.8163847201255
1039.269986530516,4,22,2,218.54711107965298
1748.1139330471021,1,38,1,314.5180509844135
834.1666655801334,4,18,3,234.11915530204607
404.7147559513876,5,3,2,140.78577869347356
1281.9639676028148,2,37,1,210.00820032111335
2772.5436087102826,5,23,1,658.1153202845262
2075.040638674063,4,49,1,335.1797801896514
1542.2227333932947,4,35,3,335.77169579344826
2743.1238975493934,5,5,2,503.27552959249135
1402.8222986935673,5,28,2,323.70919505990776
1406.8933262292571,2,35,1,300.0057641350649
1926.9314285952307,4,11,3,384.2089888264074
1653.689350831886,5,21,2,310.8679728842378
1463.8789405855664,2,18,3,394.8080274939496
1265.576166293052,1,5,1,190.77103851036958
1467.2805470883652,2,7,2,284.7576659981415
2026.3055569652613,3,12,2,439.19003254923314
845.1833875968846,4,14,1,148.84587512232088
1165.6367989324222,1,2,1,213.8712584364218
2170.687035171351,4,14,1,488.57233531126354
2765.678421711362,5,24,3,641.1868220873083
579.7257300378095,3,16,3,150.3172947501353
1702.520586524632,5,49,1,327.051426379751
2316.1502642649602,5,11,1,474.2997463249048
1388.630427825056,3,28,3,284.3647884340269
1211.1004183201294,4,41,1,261.7196622644699
2121.087880203445,5,20,1,564.4818072748327
1223.2644507087914,2,46,3,287.3781118700492
1138.6552893749845,2,30,3,253.57035792775096
1214.2251777491742,2,9,2,268.1583987948806
804.9984162368984,1,47,3,71.1865690800123
302.3934298248098,4,9,3,166.38499524871796
2077.0082379526775,3,24,1,427.8734400806309
2344.0475185618234,4,25,2,562.2185208713338
1611.8928094076482,5,30,3,367.36768393078154
1399.1922443478625,2,42,1,258.8181993628892
1749.8225533942696,2,3,2,463.2271353536288
1409.33094982884,1,34,3,264.6656702500759
625.0923693495256,5,5,3,215.501355946421
894.7913831807672,2,17,3,192.10419699831635
1712.120758052812,3,15,1,350.7173230239355
1305.5991927506536,3,45,3,266.44580791133205
721.732106498504,2,31,1,98.36940039617662
780.3954617678617,5,4,1,210.71189565192049
1974.4636555606223,5,30,3,406.9817985951084
736.7339001549739,1,15,2,129.57121865646582
2068.435035645253,3,19,1,391.4076754561093
1742.262832215035,1,21,1,387.57281885229764
999.08169405647,2,35,1,189.4216093581545
1340.7725759439713,5,2,2,309.9939376509395
1579.0630492463702,2,48,1,338.1112929264235
1680.4300543701636,3,21,2,396.193147646945
1627.729163082162,1,15,2,392.6104558960724
2213.029000425746,2,25,3,503.57437958826654
1963.6253568683042,5,25,2,415.05916475555995
1244.718267986262,3,10,2,294.5510993226796
1414.2164283320546,1,4,1,285.21453766102655
1044.802001442129,4,46,2,256.156287677679
1238.5595654662245,3,6,1,343.9192274595485
1536.9950665043916,1,4,1,324.0774955755391
326.60846861885875,5,47,3,75.37826718586706
1549.8728996297443,4,15,1,378.8957048422287
1476.8099168258593,5,40,3,336.53518742786383
1376.1819307412877,4,10,3,327.05134004163614
847.3154417972548,4,46,3,170.99196202329384
1211.850499174838,2,49,3,262.5582470782338
1117.7648369782685,4,6,1,173.06300132850146
1469.6253253822363,2,8,1,321.44631969336706
282.7587867014122,2,5,3,34.066956998622345
1334.506634813466,1,14,2,311.4507807191725
1736.3206896795493,4,2,1,362.7590371976026
1057.4157952128528,4,31,3,286.67054143817495
1027.986768983987,5,2,2,248.42507017680546
1867.286769532518,1,43,3,413.26899862569934
2821.4714622710935,1,6,1,614.9695495387399
1805.878995954648,2,12,3,337.3586154934602
1828.8302579282656,3,4,1,439.13316611405287
1523.0229902824638,5,49,1,331.8917397475523
1885.131313084658,3,35,1,375.9100009614367
1796.5263630387215,1,48,3,431.5251367202253
1033.2782106165723,1,38,3,216.20966854903872
1687.7166236173925,1,3,1,351.7349812425987
1959.8953848350425,3,12,1,400.3782726067419
1142.9312411532992,3,48,2,297.32284207829576
1687.2530375057881,4,3,1,316.2812254036529
2128.5994545739986,2,19,1,423.9210716304883
1988.051763365901,3,38,1,374.31260019476014
1488.8908961491645,2,36,2,286.5064992159079
2532.9681395801563,1,45,3,447.00263414478576
2015.9532774300028,4,22,1,395.0997652751191
1375.332647883114,5,36,1,347.72725082448017
515.4720380257556,5,7,3,203.71267980001008
1336.5158407335364,1,19,2,267.43143565982587
1566.969572972438,4,48,3,286.1056376642988
1309.405304389473,5,38,2,233.1612624395885
1512.412521575357,5,31,1,369.433621556543
2319.0551504679415,4,17,1,392.29325585137775
1909.8414476313749,2,36,1,339.73483924598344
2173.2473892229086,4,6,1,583.9429005340924
812.6173803053407,1,40,1,138.51590559043197
1504.8156082314554,4,37,1,370.32801255995156
2165.716687001944,3,18,3,461.5653897273441
1086.210976494437,1,33,1,225.4803363629336
2467.4713721403305,5,23,2,631.9458590109994
862.5538665928775,3,4,3,267.22850816141147
1171.5562200049635,4,17,3,313.8516541254974
2256.614023232388,3,22,1,524.1589279163493
407.8848398486266,2,41,2,98.18476818058124
1899.45529872125,3,21,3,412.2323816667582
862.7057879124621,3,38,1,165.42159095358423
913.5281425656294,2,34,1,123.70040925381957
1514.7778391008592,4,3,3,436.41648197092445
1462.9784683660455,1,40,1,240.6633607879807
1771.4155708608007,1,38,2,325.6567189166128
1415.5583406766532,2,35,1,247.13894382749172
1339.870494659923,4,34,3,295.4707602521142
902.7236305708718,5,20,2,234.37516955563527
1630.728909542201,1,2,3,447.08700543751
245.91426190094649,3,1,2,-0.699512707633275
1811.0770493266414,3,20,3,391.6832923818729
1596.1118732793548,4,1,1,400.38015545219514
2176.792968056897,1,38,1,537.7896995345359
2195.754182051437,5,29,2,362.13147115367667
777.5423980515468,3,23,1,113.76256773531556
1787.5178649107038,4,28,1,352.8394315981142
1092.454846633767,5,34,3,209.49292128245375
1239.057573667784,2,47,1,228.01350697459452
1879.7053180945036,2,49,3,345.37498358785956
1721.2522299992004,3,26,1,359.6473216081651
1718.9656758400704,4,23,1,360.5452026175254
1454.6085209667585,4,34,3,282.89177362407327
1588.520172638326,1,9,2,344.8730118061038
932.9296389471415,5,6,3,293.84660548903696
1173.6397532263306,5,27,1,293.2488608369116
1795.8772756086312,2,33,2,364.3829547814111
905.0921563099281,4,49,2,181.01003177880426
1175.5252799102125,2,2,3,388.9177390187474
1867.8094344703338,2,40,2,366.47731654897575
1472.0455503068847,1,49,3,226.99321909041407
1080.3771409517583,2,13,2,187.81910596396972
1641.3798399618674,3,7,3,429.0926843519973
2145.1809358317582,3,3,2,475.25544252316445
1002.1417157906635,4,6,2,201.8852473692368
732.8818511095329,1,38,3,184.0058382519075
1552.6520414666766,3,27,1,281.9359829350244
1057.7163709322967,5,44,2,176.7397927127912
1316.2216926535393,2,6,2,168.97401019666947
1210.6847291166548,4,28,1,228.1197958491607
1045.9784861250769,5,49,1,305.89818300407046
1468.615817626574,1,48,1,238.65894115456945
1583.9951968852192,5,27,3,308.0721463552851
939.1133348628009,2,35,2,205.80243996630728
1979.9715833317432,2,18,2,432.7755942964251
2145.5665578815856,1,44,3,388.051451655433
1379.2491129473995,1,45,1,162.91851393631026
1564.249825823171,2,12,3,305.3123500031121
2224.428296171778,1,30,1,422.0426835389817
819.9363038087331,1,14,1,210.33498370268273
931.3133490072612,4,8,3,134.36545020143774
1275.89541349827,3,26,1,260.92667947659254
1442.813689128562,4,32,1,265.3919654039937
1768.703523158406,3,3,3,474.5378906806198
1581.5353187335963,2,19,3,294.1329486834137
528.5496420602836,4,15,3,191.21157172900885
1989.3708976834318,2,31,2,378.0511492628259
2066.704605092831,5,38,3,510.9045887599336
977.8878186660772,4,43,2,239.07027174355466
1727.7540051163917,2,14,3,377.19401425377265
1136.9125678142675,3,41,3,227.1575046086129
1245.4146150186277,3,2,3,304.37177464991566
1111.0933408228989,2,34,2,211.13795490255777
2237.2180469509644,1,44,1,373.3594198826456
1018.2018178416495,1,7,3,306.04614850403937
1428.277476449708,2,13,2,375.04230279010466
1727.3012015298182,4,1,1,354.95434611080805
1018.3005779835187,3,40,2,211.16198079919607
1324.8616422833202,1,26,2,247.9502225697615
1400.440745859517,5,39,2,251.88708445244743
2306.1952172775245,1,29,1,418.0801424943554
816.0627501391697,2,4,3,221.86039551780982
1459.6318910297573,4,6,2,460.6292410700962
1571.7206200375344,2,48,2,248.20238635259648
1328.677983727083,4,44,1,198.61335931346656
2148.9215664259477,1,37,3,406.3071610436165
1466.3449771615904,5,35,2,334.84594800692736
1249.5899963244142,4,30,1,195.73868041442512
1881.6706392642539,3,11,3,396.4069280595632
2104.3455535600474,3,5,1,435.86933385599315
1046.3300514256716,2,28,2,165.74085967100112
1909.706185288384,5,11,1,349.9396517687392
1831.0886381539185,3,27,2,380.7874979624043
1455.795815549292,2,24,1,300.74036431865557
1079.9774887443148,3,46,2,219.59865444869388
1922.4121233493477,2,33,1,456.5602041132969
1806.516365455473,5,18,2,370.440281063329
1009.4019586118485,3,23,1,191.14698768823175
1233.919924585166,5,39,3,278.5034968156205
2361.919537086708,2,34,3,473.50751692404515
1156.757879014389,4,38,2,271.30098735186067
460.6952630601818,2,5,2,149.50703538174238
1338.6484527801247,5,45,2,232.2985002048817
1566.6495129149607,1,16,3,296.3482553736579
1849.1050888674306,3,40,2,365.7107760890067
1294.6636179877764,1,5,3,225.40474972054807
2479.583582320429,5,30,3,498.8180970918154
1252.8200814144675,2,32,1,308.21896000810773
1594.0774523900352,3,46,1,302.0364191048314
2048.1130882551433,2,30,2,363.15009766116646
1537.0537161856482,2,12,3,400.07179377765294
292.74827140753655,5,7,1,104.69011511759754
1854.0983222163588,2,8,3,483.71103799610535
1627.5072783350718,2,46,3,307.39040841702604
1157.7856193489733,4,46,3,242.94480614307201
2073.9488372693986,2,24,2,388.27451261048736
2032.9681950237077,3,46,3,435.57402512529427
1231.3644787949145,4,15,2,230.8802305409533
761.7170403767334,2,35,1,142.0959283427545
595.8075692325166,3,27,2,138.89746463310732
1405.1686365769635,3,38,3,311.04555045992834
1203.8381396267425,1,1,1,232.83547580006112
1427.5982162576756,1,47,2,188.29448401819474
156.93960970305147,3,13,3,47.24601735225188
1489.879671610001,1,44,1,331.7851768198391
867.8646862195346,1,40,3,242.77374453306652
1299.0821114103264,3,47,3,284.6438568480998
2603.1397380572266,2,27,2,537.736115939317
1483.652860962369,4,1,3,326.6698226347336
1993.8229780300637,5,47,1,378.36701000964325
1685.4955653065515,2,36,3,269.8669457396547
1858.2783424149593,5,33,1,455.38370438587367
1571.2822359139184,2,40,2,299.7638815616164
1426.9665997589925,2,24,2,322.54711358001754
2042.902453937585,5,49,3,360.34637083236737
852.492797649857,4,13,1,120.1775770176033
1183.376476546382,3,12,3,250.6848171007968
1750.9509779353068,5,3,3,396.81729386193
1585.1581086157512,1,3,1,260.9971794840219
2523.264640143984,4,41,3,606.309743155617
1535.0757480383259,1,33,2,353.51153362277597
1473.4389490216845,5,22,2,394.19331967673384
1676.9725577100794,2,30,1,325.4571992082506
753.0258387881998,4,24,1,179.87245541815017
2251.3464865404467,4,41,3,326.8775013550385
1344.2176638615772,2,18,3,353.54467694168204
1824.1083920729673,3,4,1,358.3272987948933
1093.6516538114845,5,29,3,198.36905090176975
820.056288754292,3,19,3,207.2550982718026
1463.3253199240721,4,19,2,330.08168335148855
1386.957415834546,3,8,1,369.29968519779817
1770.2047300589513,4,25,3,363.85327495060056
1243.6986874585807,1,22,2,236.00273197244746
2742.7358570400525,4,39,2,480.4766077017372
1573.4548201258713,1,16,3,324.40563588779673
928.0933543964151,3,8,2,320.4317901035321
1470.6820792738458,2,15,2,307.4748496694141
2193.9971378947703,5,28,1,431.2657763055704
1575.6135865758436,1,15,2,288.12785946609563
1012.3739074290481,5,3,2,332.13895091479975
1238.6116042623587,5,14,2,276.5973100527075
1881.6297584270606,4,25,3,418.01410067969726
2238.439964906872,5,25,2,463.07947308421205
1119.342252087468,4,12,1,253.15276626200455
2213.558413374544,5,49,2,442.4426253649453
1123.606195022525,2,45,3,173.22820557943544
2517.983569557009,1,31,3,526.7431572388975
1375.7551501916435,4,20,1,345.30638103226556
871.6867506753854,2,22,2,103.90953754478167
1357.8686345625135,4,10,3,356.40859854465515
1474.2033322837747,1,39,2,277.1284753410352
1870.6520718138565,5,9,1,484.0675224588405
2027.2404727606984,3,7,1,490.4909104736632
1782.9085014876396,5,2,1,396.90386319716333
1004.7398597451984,4,2,2,273.3215380986365
1536.242566638636,5,16,2,297.7927150429726
1313.6462527542994,3,45,2,205.5770648502018
1551.3814882459233,5,36,3,350.7645108224256
1298.170351922459,3,6,2,294.6630906304591
1111.080248988197,5,20,3,285.986448390596
2790.4425578107466,1,19,1,515.5272326081683
1316.7910334012054,4,20,3,130.91458632929454
581.3590964703602,5,35,1,124.7350276784563
1275.758506224114,1,26,1,185.87780629271995
2062.784639258573,1,43,1,435.91564635917405
1731.6803882039223,1,21,1,200.00157601435626
1062.40077069098,4,17,3,314.2686425475792
2007.0553402871485,3,1,1,331.0045286160422
2611.3006342618123,5,30,2,581.0553489308211
779.8374161089444,5,15,1,285.7426372832005
1496.0663821674398,2,5,2,319.8627244204827
1860.2294517107143,2,49,3,317.3404720227909
2109.739547583784,2,35,2,375.79423800024665
1649.9240907885583,3,44,3,373.65231305892536
1973.0778359705337,4,3,3,508.5488254264391
942.9405642425011,4,21,3,204.35751352902028
2246.61005549727,1,43,1,469.2026416078928
1067.4390697414567,5,5,1,209.56274528157547
507.0345100623098,4,9,2,147.55292653766475
1558.6858888690365,5,35,3,277.11527213730363
1504.02808768927,4,40,1,254.03314594955168
1008.0345927251022,4,40,3,154.18653189737228
1229.343104549632,4,28,3,290.47260791998093
1680.496861103547,1,40,2,380.9719113488284
1263.488975599465,5,24,1,207.69909571248292
1164.9986202966552,5,41,3,253.17304389599218
1885.1525085012966,1,38,1,343.290672968823
1781.343399795876,4,6,3,478.31974399330323
1003.330981358553,1,25,1,193.32369999404864
1477.6178763325242,2,17,1,340.1270291283604
1153.7734779621142,3,19,1,296.450370400979
1605.692047739532,2,15,2,304.075839557172
1855.1408032349646,2,18,2,363.70549543265884
1984.6155572985824,5,19,2,486.17045298665073
1293.0716565075534,2,41,1,221.70175524566397
1637.3939412509756,2,14,3,307.8061118678469
1106.3874868592222,2,49,3,295.1883940060532
1916.3357021990814,1,37,2,442.61545287351066
1646.5639846483311,5,15,1,331.6942494883644
1364.550766253745,2,49,3,273.36988774413186
1693.7750727891512,2,31,1,358.67380124638134
603.1095291942245,4,33,1,81.48282463154169
997.5990590532249,4,43,1,198.85365665222548
1498.8219152991765,3,10,1,280.42955592331015
2134.052633828751,4,25,1,342.16649490828274
1203.6374000595347,2,3,1,314.65194920927524
1663.10892795423,5,28,3,351.6479649285601
2083.52716878001,5,39,3,435.4893255009949
1151.8720079138363,1,36,3,160.40117260011925
1696.6762883607787,1,44,3,318.912363601332
1212.8476513013425,1,22,3,215.9708606784555
2547.3742128665117,5,4,3,573.0253368207799
1572.554882294156,4,26,3,387.2066460698193
1912.5277907865461,3,36,2,480.3584017901627
1159.0641418578289,3,26,2,242.07363282780815
1631.929968297538,5,21,3,416.4000603520068
1246.6631352819702,1,22,3,220.20674731179153
2133.884745987417,4,31,2,433.07462169885827
876.0534987853028,5,45,1,118.43323639524388
2466.5708597406474,2,43,2,505.81124646827243
1591.7052013379534,3,25,3,342.4886292148881
1796.7862910665447,5,46,3,347.0991323836909
1171.5152414757993,1,3,1,314.45404468638424
1634.860873489959,3,8,3,377.5315710865418
1595.777633826385,1,9,1,285.17186518647964
1496.0799605478494,4,6,3,488.87379254452105
1697.2826237568036,4,30,2,283.9674873970762
813.6704950662522,2,5,2,217.3524504771938
74.23795688383643,4,43,3,94.51535604900663
1870.9185398516258,1,10,2,431.9527026595971
740.6281838296281,2,13,1,154.3504506636649
1785.3815102090507,5,41,2,397.8529655070287
778.3704656672644,3,42,3,222.51520677652633
1233.8429061082556,3,40,1,185.59753948288142
2653.2173164389214,3,14,1,582.1658506303304
2328.1840912572447,1,35,3,541.719314772104
1509.4637634812123,2,41,1,194.93811583626785
1233.8000287907712,1,31,3,352.99131167120726
1975.4394639443908,5,43,3,382.40551207923664
391.7748782292383,5,34,3,160.50107425758267
2242.4401150279973,2,32,2,462.23538079030783
1203.7296626754126,4,10,2,212.3620810795237
1067.2851527859752,3,38,1,144.1504223767384
1542.711512156816,2,37,1,344.5795740568581
1183.716725795824,5,24,2,304.7338128276439
1134.33209362958,2,5,3,275.98441734029274
1943.9713933891542,4,32,2,370.98005784252996
1475.19524337929,1,17,3,388.45116070981913
1109.3991090767076,3,37,2,281.7951168665637
1690.6336844389516,3,6,2,365.5206084656273
1794.8461793795334,2,2,2,413.60882123995526
1895.4561057242054,3,22,1,364.43763810803586
1354.0016186926125,2,10,2,340.7850078277969
1114.8032817794362,4,22,1,41.38125932808396
2065.0948402247705,3,27,3,470.08130530060004
1431.4229377330862,4,41,3,265.4268979437134
1936.3013242902148,4,12,2,413.08810588359574
778.4321345157849,3,39,2,178.4523981420614
967.7129866211345,1,10,2,143.40478013854238
1598.9072681483835,4,8,1,367.46135586239313
1658.756749754014,3,12,3,330.52540521517295
1805.33233208599,3,29,2,331.9465898669195
2108.6938997652696,5,20,1,504.34497840557583
2207.5113923102654,1,23,3,510.06541618024016
1322.5427418372224,1,13,1,314.0015522414252
1522.6688878330888,3,27,3,343.4105785300443
1921.3385858795457,5,15,1,369.1951607016807
1633.1721139979695,2,19,1,321.03366528165554
1555.565159963871,3,34,1,245.1703784071122
2546.2043371749887,4,33,3,584.3094141885217
2146.047450077841,1,26,3,432.22449253289733
624.2324411087048,4,43,1,113.94579115606221
1218.4543729903648,1,36,3,267.8006173005968
1338.0112408901794,1,11,3,333.0663385434127
2441.9093152799114,4,5,2,525.6755390193985
669.269778976437,1,25,3,177.5347342749235
1794.4361264932318,4,22,1,394.3135852766531
1618.0872977943686,3,49,2,328.1659104084113
1193.318515323171,1,11,3,321.8024543699254
1906.5842968126503,4,23,2,336.19679296061213
1326.4986502782892,2,45,3,329.5259506934475
699.4550057496589,3,16,1,55.49867420083639
903.1693118058512,5,15,3,227.94398178896805
2180.9721816932033,5,21,1,458.6553661721481
1192.4140450924713,4,37,2,271.0114021005645
2172.1080839499587,1,14,2,490.29866593613417
1568.9011434878666,4,45,3,312.36294556704763
610.7017880263247,2,17,2,217.7754221270822
672.8283392766599,5,31,3,188.24527936369094
1707.4916860439398,1,48,1,347.22112897808
2284.4409447880157,5,20,1,491.63610720795083
1448.1585200834852,2,40,2,173.3793434719435
1313.8916582435993,4,41,2,306.101218049897
1365.6724650928345,5,40,2,438.3632050281824
1426.2771507474692,2,10,2,368.5867616405504
1485.44545776795,2,21,3,183.23119756358275
1235.656495486392,1,15,2,308.4447896119063
1290.9312680231646,2,46,1,231.29617629738138
1184.00037979117,1,34,2,224.98760823456942
1389.766064122407,4,42,3,307.02446971146713
822.2776645247819,2,16,2,228.88454983585228
1414.3333392260245,3,18,1,237.6451614112768
1811.453495633534,1,49,1,271.92274822331194
1609.104255915286,1,18,3,362.2687209622881
941.796856801348,1,40,1,269.3018533351521
2030.6649427005332,5,2,1,464.48654379130875
2323.2846772351186,2,35,3,476.88453232361206
673.1185443753861,4,48,3,171.18541093554467
2105.8535681440844,4,41,3,611.0676613080195
1958.9841744055402,3,18,3,485.66419914448113
1227.4831801855676,1,10,2,237.48552741318608
520.5015830711844,4,31,3,171.91350387004306
1889.4192458595198,3,17,2,329.71205019756843
2101.605752102329,2,47,2,315.9465726627252
2022.2875453648599,3,5,3,405.4736365164919
2094.3188013477475,3,29,2,500.40152430279716
2098.269549046976,2,10,3,467.0336989564178
1545.2118825101536,1,5,1,357.244862131131
2085.0280742075497,5,35,1,557.2270787775126
2209.284444235569,3,47,2,474.80253349720016
1660.2582431334677,3,12,1,372.12483592084163
975.185456422454,5,49,1,284.6627457678328
2540.2684320102558,4,38,3,529.154502840516
1519.423334731264,1,27,3,366.0132887172723
877.0127953033564,3,1,1,191.57228768185206
2050.893256359593,1,35,1,415.5520711960624
2236.431573267663,4,24,3,543.9776194896592
1792.167647887371,5,4,1,446.7535550603302
1773.6334559292234,4,3,3,413.43480377874846
2168.5822861726965,2,30,2,353.76680914816177
1019.5617261056072,1,3,2,176.10783551022934
1572.4180644276537,2,12,1,301.2019281445971
1207.3274616947033,1,48,3,181.96488956532687
1968.0309176753724,5,37,3,477.1982018843335
1486.941187363679,4,30,2,319.6123896181136
2778.7888904363217,1,4,2,618.9203373147197
1766.523999231084,3,31,3,399.25488157960535
1064.1162912871432,5,23,2,320.9943914810382
824.6280658996994,5,27,1,118.01040175799953
2462.6538732553313,2,33,1,470.50899346515473
2423.1718165332504,2,10,3,574.0639560407644
1711.5419762310012,5,42,1,323.8005200198438
1494.3562776128558,2,39,1,222.1199668212564
1944.1506361290633,4,47,2,362.14229842977613
1336.5834326846466,2,27,3,245.4263792376544
-279.7298322504132,2,12,2,-70.25805901423486
864.6403587496715,2,43,2,141.94017370948487
1441.1107797121665,3,24,3,378.27739704094466
1733.4134872475665,5,40,1,313.3449815449574
1745.3675506922636,1,45,2,339.08158876562044
1947.492438828194,1,48,2,392.3892322579823
988.8495274591548,3,3,3,342.6047916162557
1183.236922929658,1,43,3,193.1813364901551
1314.2081373600586,1,32,2,234.9670451827246
1887.0523317129464,5,27,3,491.5686064250679
688.5147455526605,3,45,1,62.50526884934999
1018.9929944308227,5,38,1,197.04941168210757
1946.638963484985,4,26,3,405.98242928027355
1359.383937146656,2,11,2,244.93710120068752
1679.8706522045215,4,42,1,242.4206273248489
698.9177861494278,3,29,3,73.3258085082062
1792.371364495798,4,24,1,385.5874396382296
2241.633908658358,4,36,1,493.65716367160957
1955.9928946742384,5,24,2,432.14191546185225
1813.4540891565794,1,22,3,355.39952671469206
1688.8456021754928,3,49,3,370.93844065964123
1758.0466531527009,1,23,3,351.7901372610128
1804.1097886216905,1,6,1,334.99141192581345
2687.49141276336,3,40,3,610.6204802580444
2341.815293937548,2,35,1,426.8628112280713
1536.8183329691174,4,40,2,343.2908422575506
1637.7260779846426,4,28,1,393.8847541709123
1508.69134679177,1,7,2,314.8571991651717
1021.6673554295311,5,17,2,242.86392579487455
1721.3078819239872,3,10,1,365.5880889657856
1378.2481110106894,3,28,2,363.16774021799716
2039.0243412514337,1,28,1,420.3541629988633
1433.158236471101,2,33,1,231.3434152615235
1634.3053457776061,1,48,3,303.9601748477333
1880.4224936176734,5,49,1,272.6376358210787
1196.2655230047994,3,11,2,309.61014663832935
1889.9101805634932,1,16,3,411.3402830009487
956.0497203009297,4,7,3,283.8700457826238
1657.8575438825073,3,38,1,280.5328337404537
1029.993911235929,2,29,3,243.36629841813914
848.3436118956841,3,40,1,208.53307349990956
1576.1605610117288,3,7,1,371.55192260269814
1033.4697153402838,5,1,3,304.6490661159044
668.0640768252293,2,5,2,146.13587678848492
834.3847015840591,2,3,2,197.0522075400702
958.3781301680514,4,29,3,245.55115773938488
1527.7623121369622,4,22,3,386.6372028009096
694.5233735027089,1,35,1,92.00143027882781
894.5721445791203,3,34,2,231.88166666114978
1562.8092395743124,1,37,1,243.8394675973093
2174.980226008759,3,15,1,484.3664837834632
1043.6398922574167,3,7,3,330.0997490066303
1594.4567014186255,1,48,2,253.52696067654466
2086.528700793247,3,3,3,493.04966314952526
1671.3281524952743,4,24,2,389.47268806392907
2210.8510691420925,2,8,2,431.5186682430975
1888.5869007256238,1,44,2,349.6668108201349
1007.801743646267,1,15,1,108.96615356001011
2283.7676877185872,3,34,1,449.45502803163043
1766.9218460786783,1,30,2,328.0431660609058
2905.4774249986085,3,36,2,599.1173560142213
1727.346199999644,4,8,3,472.9834417137082
2362.592312454269,3,22,2,458.083929131129
1948.5269341766198,2,5,2,390.62049171388327
1557.4435709818938,2,35,3,331.9953576891038
1398.829427136556,2,28,1,274.37213183491866
1736.489193131461,3,28,3,373.47248759085454
1899.6788771369345,5,19,2,488.63757432506014
1321.9733610448047,1,17,1,264.98022072023497
1531.2274418020174,5,33,1,384.33082158118674
1536.7757729997647,5,1,3,367.6572292010553
1387.7042821818977,1,24,2,311.67095049020975
2415.570058078663,1,44,1,404.36893468227515
2102.0794446891127,2,25,3,530.9723076406815
628.7542120859433,5,45,2,110.08701994505634
1875.9548477716078,2,45,2,318.52208826905246
1551.5582620714433,3,7,1,352.5604508756225
2047.679782566232,1,24,1,435.1321975676781
1307.7706122920217,3,17,1,112.65506834598182
1277.6489518980188,1,27,1,201.10967261157347
1389.8624612835729,2,20,1,330.76846487744956
861.9047021392753,3,6,2,252.05030290163236
1413.6387971009876,4,23,3,402.9250837836089
2223.2570080553783,4,16,3,602.8900128361278
2003.8761064986527,5,11,1,433.6172823886126
2145.3277015952663,2,11,2,494.4947178013225
1400.9849996864655,5,18,1,364.60182045304686
1131.145432999942,3,37,1,215.68437792745434
644.6021270991085,5,30,1,179.75154697255482
1598.2161086528301,4,39,1,324.49889514767887
2511.746673977501,4,22,3,605.2847985539618
2227.9477369064703,1,40,1,367.84316633497605
1995.5603194247458,4,13,3,489.03083694189445
2224.178961454738,3,1,1,412.69617682181496
1871.1026769280563,3,49,1,334.96522018028094
1625.750251684554,1,49,3,240.16928825798524
1924.6709815875886,3,41,2,394.0184352491268
879.4568986607917,3,6,3,365.8791482039983
834.4730246544361,3,39,1,111.30933317462573
999.8583034654629,4,8,3,302.14247592406457
623.492126777046,2,28,2,142.74371379860108
1689.8124693935572,5,3,1,430.0249982080083
1603.393092744931,3,14,2,319.83689191017584
1608.661363598431,4,27,2,283.91123659720313
1318.398730718065,5,8,2,387.6727419175037
1459.3722029490268,3,12,2,274.13407348637566
984.4715906328635,5,39,3,243.2605688615371
2453.8545045971628,2,38,1,516.9354940268513
2097.5131436168786,2,46,2,435.20928511887206
1835.6812215529778,5,19,3,426.76789434933653
2263.498034297847,1,11,3,535.5727001880371
1335.6153111054125,3,28,2,294.6203644125367
1878.7075232719703,1,22,1,374.6504238090354
1634.728508539087,4,9,3,356.0100578049893
1544.9566648425814,3,19,2,329.178515233861
1688.6750574459961,3,20,3,402.7757593069148
1738.823660633771,1,8,1,374.63689242707727
826.4546919095202,1,5,2,252.01539801431665
2318.515120490658,1,44,1,454.56942126220645
965.0727161934354,1,40,2,259.1710503208365
1642.8609500195284,3,20,1,353.2735045406231
1313.9004975232049,5,24,1,288.59551045216284
1224.8105533683115,2,35,1,183.0017491183194
1169.402736886946,4,10,1,305.99651627915404
1207.478861069691,4,47,2,211.06677642968435
1381.3375268466164,1,37,3,231.8739326085736
1929.8945931872868,1,27,3,361.54733373988273
1940.9201868497375,2,17,1,347.02266600150523
1312.086732265043,1,1,2,299.976390107285
2950.4644362947247,4,26,1,659.2874281286229
1429.4167427164537,3,9,2,352.5894684694136
1732.990773993204,1,32,1,378.00996660338615
1585.4295041289915,2,28,1,332.89583724129517
1810.9763225627241,4,4,3,468.62054965036845
945.8327547189965,4,37,1,179.78272115769826
1290.2914073873924,4,14,3,313.4876866325232
864.3623930335826,5,36,1,123.15385002671516
1532.3813673287566,3,28,2,268.91582649219566
1440.1710338849725,1,44,2,217.80974694112632
1923.5800233894743,3,11,1,351.1358839602685
1428.266756921147,5,26,2,324.7026537311716
1981.0470354740971,1,42,3,300.69029014361655
1475.7305366559858,4,40,1,223.68694247283497
2663.1071950050173,1,31,3,528.102750966421
1431.9822223623917,2,40,2,322.63038454212847
1855.0725521886495,1,45,2,360.11996117927475
964.1668307304628,3,42,1,116.49427834992615
1612.261422420528,2,21,2,335.53952511683576
2673.248757241285,5,4,1,641.2818748632963
459.5882965138205,4,28,3,85.90033734595707
2084.2905174746593,4,16,2,529.1227444682982
1661.9249585763732,4,33,2,326.0241422947405
1362.3744361733156,3,19,2,277.59617612232864
2056.841811551198,2,19,2,478.7351325550368
1038.0406474607157,3,34,3,339.64373338589127
1159.779583616741,2,24,2,247.01338201261277
1417.0459926396852,3,28,2,380.64808307545206
2112.488046454634,4,47,3,445.38847750442915
1000.8748605202464,1,13,2,245.9213857058181
1615.9733002406258,4,13,3,429.8979119619802
1492.0662446303056,3,13,2,323.0055117051105
1520.7985426525477,1,27,2,330.589356703121
2045.8748967964102,5,37,3,452.8911531303347
888.2723053222379,2,30,3,159.22397655537694
1253.226783961621,4,35,3,239.17929185947276
1187.3426565539319,2,29,3,231.9221559361879
1957.565815083081,1,39,3,491.2928000682671
2398.847272187649,4,24,1,456.61478523953065
1646.3763988024698,2,46,3,362.61094498334694
1820.8904221353794,3,19,1,409.948280005047
1695.804822933683,2,37,3,316.63215265862004
1423.3142460250738,3,43,1,260.70419130994884
1313.0880009353675,4,39,3,299.56810528721303
977.3204276957563,3,40,2,220.73217857996804
2606.9370515942164,1,45,1,594.5986382292108
1470.3808303003582,2,42,3,322.76152670737946
1480.1127334609655,2,2,1,342.6390972977379
1638.5294134062908,2,8,2,294.4220688559236
1337.8276556994517,2,9,2,321.37919568186066
1259.1804790196109,3,47,3,310.41800187500803
1531.8485280917844,3,8,3,293.99779245519676
1753.344833101009,3,38,2,266.1018720739786
1358.981358356228,3,40,3,351.9685498687498
2126.2550497732436,2,20,1,369.80315680287794
705.284630064856,5,18,1,119.83448358174441
1686.4170337536302,1,3,2,328.7796039216653
2091.9884809334744,5,12,3,609.696534762279
1618.452166469647,5,43,1,306.9052354869185
936.2188621694021,1,40,1,50.7898359202113
1665.1172946275092,5,2,3,380.8243492278592
1116.3111761602468,1,7,2,239.10881749563237
1765.458758062755,2,40,2,291.87723414999226
2172.902087514475,4,23,1,486.0212131382866
2386.146534742035,3,10,1,544.5087410887915
1162.3020605241634,2,33,2,239.33678024230636
1332.990994137302,1,27,1,252.53423143893258
1269.9390627070165,4,1,1,254.85570017282026
1764.5507433561218,4,32,2,444.53223972187834
2019.945701117222,4,28,2,477.716925297791
714.463176305847,2,48,1,129.0961828940336
2080.058366175038,1,9,1,458.03832708602044
2446.3705423265737,2,19,3,563.9076905722338
506.0337459787387,2,22,2,207.68828731279757
1714.8976566175056,4,42,3,423.18872272632734
1204.5567010861114,2,17,3,216.73919111886556
1393.5244231357754,3,1,1,341.16315346104784
1169.8946070398715,2,2,3,339.583360602019
1975.8135258969926,5,10,1,465.9787463013394
1846.2632916794912,4,14,2,386.6769479300779
1552.9563410922804,1,20,3,327.2085232905819
1711.0289431411636,3,31,3,363.9391065595219
2546.761767530197,2,47,2,553.2783828368381
1095.0932767494812,3,30,3,375.48567642319193
1246.3016965651104,5,13,2,309.1732381705294
419.21108367414354,1,17,1,4.381797716899555
1151.78650247736,4,1,1,320.1951123623924
1438.6571158124245,4,31,2,237.93176336261251
663.2812174867249,4,35,1,179.3409783461776
1965.5882823426064,5,7,2,515.6180627843926
1443.0060535027396,1,3,2,311.6106765201828
1277.1518870262262,3,18,3,250.10563635432842
921.4460004648577,1,35,1,161.39893283874784
1642.7344214046211,3,6,3,408.314709766587
1188.6433970870994,3,41,1,172.30936175600706
1933.6807202791463,1,19,1,360.14117873365313
926.7846855936778,1,31,2,253.92859316008386
1555.3544469307099,4,44,3,278.9754022280711
1198.2088077991743,1,17,2,212.34096529091644
1935.5835411099338,5,33,1,365.28120213463444
1258.6681577136887,2,6,2,275.8295018287603
1927.871483989902,4,24,1,369.92160636805124
1381.1346115759072,1,7,3,276.336938222908
1188.4507233785896,5,25,2,309.25092644563347
1691.2462256903766,3,46,3,345.34587574644695
1748.547756032245,5,26,2,422.27777759581204
1633.1448674164164,4,18,1,261.42496144854493
1632.1117929136105,5,4,2,387.17615540152116
2060.0722613797716,2,38,3,433.0171097790511
1333.6012571552567,4,8,1,305.2826346379144
609.2089736183955,4,9,1,167.75857188487592
1450.9265607493726,1,5,3,296.7682958452212
1878.3118734474385,4,6,1,448.6045680361509
853.0896766051366,2,20,2,141.77138468662577
1421.08209555143,2,3,3,327.82321880956454
1937.5145633685725,3,47,1,326.45720355633017
1183.5820241381468,5,4,1,346.92980003214836
1443.1748726359046,3,49,3,286.0665270202349
1200.7617534361361,1,35,2,284.8007025595754
1592.7113928956805,2,38,2,243.03917469431406
1618.8642026585674,3,12,3,379.1175368938042
722.779225262091,1,22,2,146.5505185044211
936.8101576991187,3,28,3,193.77769775860165
2175.0851074387238,4,2,3,493.153691070437
2328.4375209670698,5,15,3,650.7326281700794
1540.7959993213979,2,35,1,313.3519126817976
1938.4220937042242,2,23,3,371.5456003504709
1232.8987957945096,4,47,1,192.29300506856134
877.2955161873202,2,34,3,214.91132626958395
1484.2320525773514,3,47,1,298.1971937697853
2510.754670590971,5,19,1,594.2734907803845
1867.7514972019608,3,48,3,367.1468313045735
1165.5501789631883,5,6,2,329.39063538380344
2172.497561848002,5,16,2,493.3179694623423
2005.8693147439787,2,35,3,438.2061425866443
1656.8259976528916,3,37,2,354.27992998318376
1090.0091247964856,2,8,3,236.44833253179567
1024.431932981025,4,34,1,262.7484815891785
1665.0720434263649,5,37,2,375.9392120697827
983.1657691967214,5,24,1,365.12134726949694
1801.673840881056,5,43,3,371.29413784791706
852.7114411504367,1,2,1,246.55352966795417
1023.3415603866097,3,25,2,196.9948687547165
2476.092657668651,2,33,2,467.48621794520204
1399.738361662743,3,3,3,308.50310968960605
956.1709551635213,4,33,3,191.46904519065697
1412.2710260413571,3,4,2,319.49564191755053
1830.8438850166754,1,47,3,337.7843426116128
1762.0153090209415,2,23,2,323.9174035705131
1319.6724600597788,2,5,1,296.03751880529757
1706.0434859454467,1,33,3,334.4679465928793
2146.4279038714913,1,33,3,390.666122966475
1228.1854070232248,5,12,3,330.56055507084847
666.5662106467646,2,3,2,94.75216275831791
1208.9574339478584,2,28,1,178.56240469868243
1007.0005049888696,2,43,1,83.68026486050329
1255.9139511513263,1,38,3,244.89334553328104
1893.6157272747448,1,29,1,360.0667130255326
-85.46989174159194,2,31,1,-11.227926625104804
1773.4979162792201,4,42,1,434.69470129489093
2386.083345852682,5,6,1,518.2432707119164
2493.810530784562,5,48,3,577.6252954568758
1910.2462438175075,4,37,2,405.38666116629656
831.2888117444969,4,22,2,266.1086799787898
1565.3686178331923,1,27,2,294.2707003810526
1543.5715709696963,4,1,1,305.08446619498204
1194.0657228577265,3,27,1,201.4815861023946
560.7611502106905,5,1,1,112.89321143491836
1770.5326926418347,4,21,1,382.2054941286027
1931.1304694636744,2,42,3,378.36884327213033
1178.0114729187628,1,35,2,234.63642403703238
3030.2338481757497,1,5,3,580.9459841045622
771.1906516712634,4,38,3,128.08478263831233
1988.973888600075,3,20,1,414.62849944140925
903.1419712031307,3,8,2,245.0290032598866
1300.354785840635,4,31,2,210.62178785081278
1577.6050172209134,5,30,3,406.73942531019765
614.3067718726528,5,28,1,217.54052989964828
1558.888383571737,3,41,2,252.08455448024876
542.9649476387226,5,45,1,100.64102661765308
1750.0433644234329,1,8,3,357.14284432905015
1673.56888161692,2,48,2,319.257326824305
2104.841937424553,1,21,3,360.24414222099574
1282.9221746636376,5,24,1,276.71327282992354
1663.277062967847,1,37,1,331.3421028058628
899.88560783218,3,36,3,243.10900921496665
1488.4192430139462,2,27,3,279.90530422429543
1368.2450759509788,2,29,1,328.3119015011738
1408.0993233966306,1,45,1,200.5088365765242
1275.9393131234783,1,29,3,221.20004131151032
785.8482247977548,2,42,3,91.84230230209742
1629.4412685263515,4,2,2,363.83304692082197
1334.187447988734,2,22,1,313.6812091069943
825.9673673973947,4,8,2,247.99469110461206
1634.9172048655928,5,32,1,331.2067167568896
2202.490377403872,1,6,1,465.06101822245563
1204.98111378982,5,37,3,384.33245877864397
860.7365100416517,3,14,3,207.97421132193554
1833.0762105665433,1,1,3,384.73135778477666
1412.019841640595,4,24,2,343.0957069599827
1753.466522521099,1,39,1,344.2760365705515
1404.5835410388306,1,20,2,316.4470303973693
2198.7175469239246,1,11,3,517.067195018888
2156.798642218062,4,31,3,435.94350536595056
662.7170544130889,5,32,3,125.3814214516539
1007.5243027228785,1,7,1,235.37093049903788
1469.7580450607738,1,39,3,329.7312692607233
2242.518008896751,1,26,3,514.5887738697995
1559.110455408973,4,18,2,272.73156376246305
2196.5116363031734,5,43,3,467.72501820043067
1758.9319062051202,5,22,2,403.61215861771103
1722.9596338210783,3,8,2,372.4800905037943
632.1094590160915,5,34,3,148.50185418348937
1645.3635501627134,3,7,1,385.71614440947315
1379.4109373318354,5,3,2,320.6019559972596
1246.2450164013328,1,4,2,301.59031554765755
1115.2334554141153,3,36,3,275.6008147418457
857.5043636260684,5,46,2,151.57250931435
1459.2462768290063,3,24,2,352.78763607185095
2133.587742336578,3,5,2,480.10387766020096
1449.7460005459875,4,25,2,344.0795914737975
1163.8044452479114,2,32,1,166.4643045519238
1323.3167725822912,3,45,2,233.62438772696217
990.292738853475,4,41,1,237.25018438313205
1310.1903369589045,2,14,1,225.393045702378
1759.7726346784384,4,20,1,375.459820255709
1704.7611825851368,2,4,1,337.7703631950208
1774.436174054626,2,32,2,377.0815767957611
1513.1212929366973,1,46,1,239.59873725710798
1615.8809908517696,2,12,3,398.01409621300377
985.1293064845423,4,5,1,274.93740946327347
2257.4278321863026,3,18,3,542.1048664100291
1000.579173262844,3,13,3,226.67317238526226
1435.7649483592927,2,40,3,197.23262838260837
1791.3989993176724,2,14,3,421.255180146882
293.4798139943789,4,46,1,61.908570774320665
2038.5515805429786,2,45,2,430.1897288247335
1371.9937908573377,2,35,1,200.5893519165458
1123.2790002506927,4,10,3,313.83159795537046
1591.2193371274802,3,7,2,266.71640120860997
1684.1780879176051,2,32,2,325.2148370137912
1634.07645634609,3,37,1,340.50946584489566
2228.8703093411223,3,48,3,484.2004676602679
1337.7585209735207,4,40,1,269.15328627959076
1290.6417972506047,2,44,3,245.38955172040747
572.5558796968227,3,1,3,283.5892300027451
1781.0710046965767,5,8,2,466.0751997505367
2234.06826980682,4,28,2,553.451510233205
1862.5962788701013,2,16,1,340.20721830862436
889.1021122037877,4,34,1,245.39997133747696
1054.8159004094546,1,46,3,197.03083468535306
915.4603183868495,3,28,1,118.2522177710792
2017.3092229435565,2,39,3,373.12862241926973
2217.870759451266,2,39,3,466.706815484059
1382.477591691484,3,36,3,262.2285683086642
1224.2681650600834,1,22,1,243.69113801010698
1333.8168404997177,4,10,2,338.89396365608576
801.0807188904756,5,20,3,289.385780585319
1737.7948654903803,1,19,2,296.55343271301166
1429.4059785089667,4,12,2,357.3107473758818
2486.3889968701524,2,36,2,469.87579258645195
1253.93888905659,4,28,3,282.1824019856721
1611.2791693616323,1,16,1,240.86884186067763
2185.2634044328797,2,32,2,370.55226154622727
1614.269586512282,5,37,1,284.72840677554433
1098.7958608472536,4,4,2,293.26968219152127
2125.177253027834,3,21,3,561.8641112187291
2007.6332415371398,2,36,3,471.30861534826374
1728.3288166635534,5,31,3,454.59168764054476
1165.4433945131848,4,43,1,220.9928431802265
1397.8522619021733,4,47,1,311.06109676713766
996.2401556151652,3,12,3,150.93196674616462
1024.7207516964763,5,14,2,195.43469621279868
1757.211268143461,1,45,2,343.38785729228886
1743.3611354609036,1,32,1,316.63824605516913
2119.1472942713626,1,17,2,462.7528295635168
2159.3409776411772,1,11,3,450.29865099201845
1523.6555184819845,2,49,1,222.82118511368012
692.6372514895877,2,4,2,190.0408103415218
1996.259897725166,4,49,1,445.60353415194
1835.8604201982243,3,15,3,486.49231083472705
1307.119963912963,4,9,1,298.4205848360448
1674.2000270352867,5,46,3,429.4399420588222
1902.9960672122083,2,44,2,313.7694183631966
1910.5488255196794,2,47,2,421.7475722719236
1414.7230445736666,5,37,1,272.2899348380627
1946.715934170831,2,16,1,321.26416937284085
429.6089130348239,1,47,3,157.1752756604766
903.595611470613,4,1,3,234.99990605909736
1860.8460688859166,1,13,3,334.41398032450604
1410.6614731252885,2,4,1,280.3668687509853
2044.2669940602711,3,28,3,432.58012714231296
1637.0130885159,1,16,3,285.6138868816956
1497.0584939349094,4,20,3,319.3408858028404
1612.7337614030944,5,11,1,341.3778189253867
1135.6191508575444,5,40,2,212.31950246546842
1872.9555057068442,2,39,2,315.6787983274618
2125.2707919315703,2,13,2,513.5508999416633
1860.7226020277717,4,35,2,383.2014228195207
2046.99696162758,1,13,2,454.3253496539355
875.5084240070039,4,7,3,300.01720827399555
1771.649153367757,2,21,1,364.4610875299778
1644.3390993730966,5,40,2,355.50865722498054
2307.5291439182915,3,43,1,404.16608111684224
1103.4834594201968,5,4,2,224.92594978904256
1987.774300554435,5,36,3,402.1452926607804
1372.2990687197118,4,36,1,211.2641397795129
1752.1879379817424,2,28,3,365.8940368620819
1466.1471608688364,1,33,2,268.75454916573983
1420.2365118734178,5,35,2,204.0089973882487
1406.2474331240267,4,30,1,300.5094686536661
1426.6640335009358,5,33,1,311.48183176431985
1619.964579053003,5,43,2,370.47430143710375
859.4391718418195,2,5,1,164.10026385465383
1176.9145816483206,4,37,2,233.3468232261104
880.7443898556938,1,31,2,155.80079066286967
1718.7228623089852,5,35,1,335.0293414261222
1466.372565577854,1,2,2,338.3140950492896
1511.4074413996816,5,13,1,403.9405334334522
